<?xml version = '1.0' encoding = 'UTF-8'?>
<Diagram class="oracle.dbtools.crest.swingui.relational.DPVRelational" name="Relational_1" id="453C087E-478E-56D2-0DF2-06B1A78E2584">
<createdBy>Arjuna</createdBy>
<modifiedBy>Arjuna</modifiedBy>
<createdTime>2019-09-24 15:55:11 UTC</createdTime>
<autoRoute>false</autoRoute>
<boxInbox>true</boxInbox>
<showLegend>false</showLegend>
<showLabels>false</showLabels>
<showRelAttributes>false</showRelAttributes>
<gridEnabled>false</gridEnabled>
<showGrid>false</showGrid>
<diagramColor>-1</diagramColor>
<display>false</display>
<notation>1</notation>
<objectViews>
<OView class="oracle.dbtools.crest.swingui.relational.TVTable" oid="08897836-F146-B462-22B2-8025FF1B8C5F" otype="Table" vid="740D6E80-983E-DEB2-9204-4EB90B849297">
<hideElementsInCurrentOnly>false</hideElementsInCurrentOnly>
<bounds x="663" y="29" width="365" height="371"/>
</OView>
<OView class="oracle.dbtools.crest.swingui.relational.TVTable" oid="363B9A07-C4CE-8D5F-4500-0E47BB53B9ED" otype="Table" vid="35A543C1-EAFE-3939-8B0A-1E7107C8D3C7">
<hideElementsInCurrentOnly>false</hideElementsInCurrentOnly>
<bounds x="333" y="177" width="279" height="241"/>
</OView>
<OView class="oracle.dbtools.crest.swingui.relational.TVTable" oid="37F3E8BE-96AC-BAB4-7C41-25F44B688C8A" otype="Table" vid="8C1C90CA-532E-1707-E876-EAED288F9987">
<hideElementsInCurrentOnly>false</hideElementsInCurrentOnly>
<bounds x="61" y="50" width="222" height="246"/>
</OView>
<OView class="oracle.dbtools.crest.swingui.relational.TVTable" oid="83724C2F-868E-EC93-DC13-942193CADA38" otype="Table" vid="B9F0700B-156F-0F57-4E66-E4DB6E81A20C">
<hideElementsInCurrentOnly>false</hideElementsInCurrentOnly>
<bounds x="57" y="346" width="225" height="209"/>
</OView>
<OView class="oracle.dbtools.crest.swingui.relational.TVTable" oid="AA5A6C09-8997-0AED-6395-732948E5C42B" otype="Table" vid="A492855E-566F-1A96-D4C4-D3CC4E86A841">
<hideElementsInCurrentOnly>false</hideElementsInCurrentOnly>
<bounds x="363" y="429" width="222" height="97"/>
</OView>
</objectViews>
<connectors>
<Connector class="oracle.dbtools.crest.swingui.relational.TVFKRelation" oid="137F432F-BC76-AFB4-F559-4E02D70541FA" otype="FKIndexAssociation" vid_source="740D6E80-983E-DEB2-9204-4EB90B849297" vid_target="35A543C1-EAFE-3939-8B0A-1E7107C8D3C7">
<hideElementsInCurrentOnly>false</hideElementsInCurrentOnly>
<backgroundColor>-16777216</backgroundColor>
<lineWidth>1</lineWidth>
<points>
<point x="663" y="288"/>
<point x="612" y="288"/>
</points>
</Connector>
<Connector class="oracle.dbtools.crest.swingui.relational.TVFKRelation" oid="4229024A-3F00-BD89-A329-3B8F59465B20" otype="FKIndexAssociation" vid_source="B9F0700B-156F-0F57-4E66-E4DB6E81A20C" vid_target="35A543C1-EAFE-3939-8B0A-1E7107C8D3C7">
<hideElementsInCurrentOnly>false</hideElementsInCurrentOnly>
<backgroundColor>-16777216</backgroundColor>
<lineWidth>1</lineWidth>
<points>
<point x="282" y="382"/>
<point x="333" y="382"/>
</points>
</Connector>
<Connector class="oracle.dbtools.crest.swingui.relational.TVFKRelation" oid="7893A3F5-F77D-4E04-EAAC-EE06DB3070C8" otype="FKIndexAssociation" vid_source="740D6E80-983E-DEB2-9204-4EB90B849297" vid_target="A492855E-566F-1A96-D4C4-D3CC4E86A841">
<hideElementsInCurrentOnly>false</hideElementsInCurrentOnly>
<backgroundColor>-16777216</backgroundColor>
<lineWidth>1</lineWidth>
<points>
<point x="663" y="343"/>
<point x="542" y="429"/>
</points>
</Connector>
<Connector class="oracle.dbtools.crest.swingui.relational.TVFKRelation" oid="9247277E-D44B-7E5C-1A59-D243ED4E3267" otype="FKIndexAssociation" vid_source="B9F0700B-156F-0F57-4E66-E4DB6E81A20C" vid_target="8C1C90CA-532E-1707-E876-EAED288F9987">
<hideElementsInCurrentOnly>false</hideElementsInCurrentOnly>
<backgroundColor>-16777216</backgroundColor>
<lineWidth>1</lineWidth>
<points>
<point x="171" y="346"/>
<point x="171" y="296"/>
</points>
</Connector>
<Connector class="oracle.dbtools.crest.swingui.relational.TVFKRelation" oid="CC955376-F08E-AD1D-2E6C-3AB006957915" otype="FKIndexAssociation" vid_source="8C1C90CA-532E-1707-E876-EAED288F9987" vid_target="740D6E80-983E-DEB2-9204-4EB90B849297">
<hideElementsInCurrentOnly>false</hideElementsInCurrentOnly>
<backgroundColor>-16777216</backgroundColor>
<lineWidth>1</lineWidth>
<points>
<point x="283" y="173"/>
<point x="663" y="173"/>
</points>
</Connector>
<Connector class="oracle.dbtools.crest.swingui.relational.TVFKRelation" oid="F84376C7-1317-0A86-2CE2-134358B783DD" otype="FKIndexAssociation" vid_source="B9F0700B-156F-0F57-4E66-E4DB6E81A20C" vid_target="A492855E-566F-1A96-D4C4-D3CC4E86A841">
<hideElementsInCurrentOnly>false</hideElementsInCurrentOnly>
<backgroundColor>-16777216</backgroundColor>
<lineWidth>1</lineWidth>
<points>
<point x="282" y="477"/>
<point x="363" y="477"/>
</points>
</Connector>
</connectors>
<arcs>
<Arc class="oracle.dbtools.crest.swingui.relational.TVFKArc" oid="8499A42C-9D0E-018A-D57E-C4A1DADE3CB3" otype="FKArc" vid="24D9F584-7499-FF8E-AAC2-C2FE994E9D8F">
<hideElementsInCurrentOnly>false</hideElementsInCurrentOnly>
<bounds x="643" y="9" width="405" height="411"/>
</Arc>
</arcs>
</Diagram>