<?xml version = '1.0' encoding = 'UTF-8'?>
<Diagram class="oracle.dbtools.crest.swingui.logical.DPVLogical" name="Logical" id="0A2B4612-1FB9-BB35-D82A-7534319A8F51">
<createdBy>Arjuna</createdBy>
<modifiedBy>Arjuna</modifiedBy>
<createdTime>2019-09-24 15:51:15 UTC</createdTime>
<autoRoute>false</autoRoute>
<boxInbox>true</boxInbox>
<showLegend>false</showLegend>
<showLabels>false</showLabels>
<showRelAttributes>false</showRelAttributes>
<gridEnabled>false</gridEnabled>
<showGrid>false</showGrid>
<diagramColor>-1</diagramColor>
<display>false</display>
<notation>1</notation>
<objectViews>
<OView class="oracle.dbtools.crest.swingui.logical.TVEntity" oid="11AF3798-8CD1-2946-9C7B-1FAE6AB86F87" otype="Entity" vid="7F184C86-EA74-1C27-3819-D06A7D931345">
<hideElementsInCurrentOnly>false</hideElementsInCurrentOnly>
<bounds x="544" y="306" width="222" height="97"/>
</OView>
<OView class="oracle.dbtools.crest.swingui.logical.TVEntity" oid="240BBB70-F087-75F3-A2FE-8CC96A186831" otype="Entity" vid="E60413EA-7E9E-F639-1D13-D026FF29FFB6">
<hideElementsInCurrentOnly>false</hideElementsInCurrentOnly>
<bounds x="107" y="28" width="222" height="246"/>
</OView>
<OView class="oracle.dbtools.crest.swingui.logical.TVEntity" oid="50E2A701-EA50-C6FB-BC58-E0275FC5812A" otype="Entity" vid="58B8D772-C690-3E65-8653-656E371D8588">
<hideElementsInCurrentOnly>false</hideElementsInCurrentOnly>
<bounds x="541" y="167" width="220" height="103"/>
</OView>
<OView class="oracle.dbtools.crest.swingui.logical.TVEntity" oid="DB39B0D1-8058-66FA-9948-6F3A73F10E63" otype="Entity" vid="1606319B-861A-2FB2-8D63-C34A55169089">
<hideElementsInCurrentOnly>false</hideElementsInCurrentOnly>
<bounds x="523" y="45" width="365" height="371"/>
</OView>
<OView class="oracle.dbtools.crest.swingui.logical.TVEntity" oid="F5F5F4A9-4A69-A3DE-955E-474D2E573FF0" otype="Entity" vid="F39735E2-8162-077B-8913-47CE569FEE10">
<hideElementsInCurrentOnly>false</hideElementsInCurrentOnly>
<bounds x="109" y="336" width="225" height="209"/>
</OView>
</objectViews>
<connectors>
<Connector class="oracle.dbtools.crest.swingui.logical.TVRelation" oid="0F5713DE-F6A3-768D-5711-CB9F34DDFE5F" otype="Relation" vid_source="F39735E2-8162-077B-8913-47CE569FEE10" vid_target="58B8D772-C690-3E65-8653-656E371D8588">
<hideElementsInCurrentOnly>false</hideElementsInCurrentOnly>
<backgroundColor>-16777216</backgroundColor>
<lineWidth>1</lineWidth>
<points>
<point x="334" y="382"/>
<point x="551" y="270"/>
</points>
</Connector>
<Connector class="oracle.dbtools.crest.swingui.logical.TVInheritanceRelation" oid="61654019-13B9-1BB1-AD6A-FAE6F4FA24E4" otype="Hierarchy relation" vid_source="1606319B-861A-2FB2-8D63-C34A55169089" vid_target="58B8D772-C690-3E65-8653-656E371D8588">
<hideElementsInCurrentOnly>false</hideElementsInCurrentOnly>
<backgroundColor>-65536</backgroundColor>
<lineWidth>1</lineWidth>
</Connector>
<Connector class="oracle.dbtools.crest.swingui.logical.TVRelation" oid="CF7F33D4-8069-AC72-9238-31C35F8F6FAA" otype="Relation" vid_source="E60413EA-7E9E-F639-1D13-D026FF29FFB6" vid_target="1606319B-861A-2FB2-8D63-C34A55169089">
<hideElementsInCurrentOnly>false</hideElementsInCurrentOnly>
<backgroundColor>-16777216</backgroundColor>
<lineWidth>1</lineWidth>
<points>
<point x="329" y="159"/>
<point x="523" y="159"/>
</points>
</Connector>
<Connector class="oracle.dbtools.crest.swingui.logical.TVInheritanceRelation" oid="D22DC8D5-FD41-CB72-E91D-EDBE33136B90" otype="Hierarchy relation" vid_source="1606319B-861A-2FB2-8D63-C34A55169089" vid_target="7F184C86-EA74-1C27-3819-D06A7D931345">
<hideElementsInCurrentOnly>false</hideElementsInCurrentOnly>
<backgroundColor>-65536</backgroundColor>
<lineWidth>1</lineWidth>
</Connector>
<Connector class="oracle.dbtools.crest.swingui.logical.TVRelation" oid="D9F3EF3C-1CC9-0E62-1CFB-A1A0EFABC163" otype="Relation" vid_source="F39735E2-8162-077B-8913-47CE569FEE10" vid_target="7F184C86-EA74-1C27-3819-D06A7D931345">
<hideElementsInCurrentOnly>false</hideElementsInCurrentOnly>
<backgroundColor>-16777216</backgroundColor>
<lineWidth>1</lineWidth>
<points>
<point x="334" y="369"/>
<point x="544" y="369"/>
</points>
</Connector>
<Connector class="oracle.dbtools.crest.swingui.logical.TVRelation" oid="ECCCAE08-38CE-39D0-BD0B-4169507A9614" otype="Relation" vid_source="F39735E2-8162-077B-8913-47CE569FEE10" vid_target="E60413EA-7E9E-F639-1D13-D026FF29FFB6">
<hideElementsInCurrentOnly>false</hideElementsInCurrentOnly>
<backgroundColor>-16777216</backgroundColor>
<lineWidth>1</lineWidth>
<points>
<point x="219" y="336"/>
<point x="219" y="274"/>
</points>
</Connector>
</connectors>
</Diagram>