<?xml version = '1.0' encoding = 'UTF-8'?>
<FKIndexAssociation class="oracle.dbtools.crest.model.design.relational.FKIndexAssociation" directorySegmentName="seg_0" id="137F432F-BC76-AFB4-F559-4E02D70541FA" containerWithKeyObject="363B9A07-C4CE-8D5F-4500-0E47BB53B9ED" localFKIndex="0261B557-C6AE-3A02-CB9C-7F46299B3A8C" name="Surat_masuk_Surat_FK">
<createdBy>Arjuna</createdBy>
<createdTime>2019-09-24 16:40:42 UTC</createdTime>
<generatorID>61654019-13B9-1BB1-AD6A-FAE6F4FA24E4</generatorID>
<ownerDesignName>ERD</ownerDesignName>
<referredTableLongName>Surat</referredTableLongName>
<arc>8499A42C-9D0E-018A-D57E-C4A1DADE3CB3</arc>
<deleteRule>NO ACTION</deleteRule>
<referredTableID>08897836-F146-B462-22B2-8025FF1B8C5F</referredTableID>
<keyObject>3EF41D78-5C1F-D49D-8EAE-CAD2396578CE</keyObject>
<referredKeyID>3EF41D78-5C1F-D49D-8EAE-CAD2396578CE</referredKeyID>
<mandatory>true</mandatory>
<refColNames>Nomor_surat</refColNames>
<transferable>true</transferable>
<rely>false</rely>
<columnDependencyConstraintGenerateInDDL>true</columnDependencyConstraintGenerateInDDL>
</FKIndexAssociation>