<?xml version = '1.0' encoding = 'UTF-8'?>
<FKIndexAssociation class="oracle.dbtools.crest.model.design.relational.FKIndexAssociation" directorySegmentName="seg_0" id="4229024A-3F00-BD89-A329-3B8F59465B20" containerWithKeyObject="363B9A07-C4CE-8D5F-4500-0E47BB53B9ED" localFKIndex="41F3B034-1A53-5BB2-5007-605CAC566DB2" name="Surat_masuk_Departemen_FK">
<createdBy>Arjuna</createdBy>
<createdTime>2019-09-24 16:40:43 UTC</createdTime>
<generatorID>0F5713DE-F6A3-768D-5711-CB9F34DDFE5F</generatorID>
<ownerDesignName>ERD</ownerDesignName>
<referredTableLongName>Departemen</referredTableLongName>
<deleteRule>NO ACTION</deleteRule>
<referredTableID>83724C2F-868E-EC93-DC13-942193CADA38</referredTableID>
<keyObject>544D364B-E1AB-41DF-A063-2B1BF15F3E58</keyObject>
<referredKeyID>544D364B-E1AB-41DF-A063-2B1BF15F3E58</referredKeyID>
<mandatory>true</mandatory>
<refColNames>Kode_departemen</refColNames>
<transferable>true</transferable>
<rely>false</rely>
<columnDependencyConstraintGenerateInDDL>true</columnDependencyConstraintGenerateInDDL>
</FKIndexAssociation>