<?xml version = '1.0' encoding = 'UTF-8'?>
<FKIndexAssociation class="oracle.dbtools.crest.model.design.relational.FKIndexAssociation" directorySegmentName="seg_0" id="7893A3F5-F77D-4E04-EAAC-EE06DB3070C8" containerWithKeyObject="AA5A6C09-8997-0AED-6395-732948E5C42B" localFKIndex="1765D9B5-2043-947E-3951-72C5F04849FC" name="Surat_keluar_Surat_FK">
<createdBy>Arjuna</createdBy>
<createdTime>2019-09-24 16:40:42 UTC</createdTime>
<generatorID>D22DC8D5-FD41-CB72-E91D-EDBE33136B90</generatorID>
<ownerDesignName>ERD</ownerDesignName>
<referredTableLongName>Surat</referredTableLongName>
<arc>8499A42C-9D0E-018A-D57E-C4A1DADE3CB3</arc>
<deleteRule>NO ACTION</deleteRule>
<referredTableID>08897836-F146-B462-22B2-8025FF1B8C5F</referredTableID>
<keyObject>3EF41D78-5C1F-D49D-8EAE-CAD2396578CE</keyObject>
<referredKeyID>3EF41D78-5C1F-D49D-8EAE-CAD2396578CE</referredKeyID>
<mandatory>true</mandatory>
<refColNames>Nomor_surat</refColNames>
<transferable>true</transferable>
<rely>false</rely>
<columnDependencyConstraintGenerateInDDL>true</columnDependencyConstraintGenerateInDDL>
</FKIndexAssociation>