<?xml version = '1.0' encoding = 'UTF-8'?>
<FKIndexAssociation class="oracle.dbtools.crest.model.design.relational.FKIndexAssociation" directorySegmentName="seg_0" id="9247277E-D44B-7E5C-1A59-D243ED4E3267" containerWithKeyObject="37F3E8BE-96AC-BAB4-7C41-25F44B688C8A" localFKIndex="36A6C55E-2A96-F108-5372-E10FBA6890A1" name="Pegawai_Departemen_FK">
<createdBy>Arjuna</createdBy>
<createdTime>2019-09-24 16:40:42 UTC</createdTime>
<generatorID>ECCCAE08-38CE-39D0-BD0B-4169507A9614</generatorID>
<ownerDesignName>ERD</ownerDesignName>
<referredTableLongName>Departemen</referredTableLongName>
<deleteRule>NO ACTION</deleteRule>
<referredTableID>83724C2F-868E-EC93-DC13-942193CADA38</referredTableID>
<keyObject>544D364B-E1AB-41DF-A063-2B1BF15F3E58</keyObject>
<referredKeyID>544D364B-E1AB-41DF-A063-2B1BF15F3E58</referredKeyID>
<mandatory>true</mandatory>
<refColNames>Kode_departemen</refColNames>
<transferable>true</transferable>
<rely>false</rely>
<columnDependencyConstraintGenerateInDDL>true</columnDependencyConstraintGenerateInDDL>
</FKIndexAssociation>