<?xml version = '1.0' encoding = 'UTF-8'?>
<FKIndexAssociation class="oracle.dbtools.crest.model.design.relational.FKIndexAssociation" directorySegmentName="seg_0" id="CC955376-F08E-AD1D-2E6C-3AB006957915" containerWithKeyObject="08897836-F146-B462-22B2-8025FF1B8C5F" localFKIndex="C58E7B7E-C2BA-E7DA-2249-BF919258F8E0" name="Surat_Pegawai_FK">
<createdBy>Arjuna</createdBy>
<createdTime>2019-09-24 16:40:43 UTC</createdTime>
<generatorID>CF7F33D4-8069-AC72-9238-31C35F8F6FAA</generatorID>
<ownerDesignName>ERD</ownerDesignName>
<referredTableLongName>Pegawai</referredTableLongName>
<deleteRule>NO ACTION</deleteRule>
<referredTableID>37F3E8BE-96AC-BAB4-7C41-25F44B688C8A</referredTableID>
<keyObject>4811C355-EBA9-1BE1-C147-11A2B9B443E7</keyObject>
<referredKeyID>4811C355-EBA9-1BE1-C147-11A2B9B443E7</referredKeyID>
<mandatory>true</mandatory>
<refColNames>NIP</refColNames>
<transferable>true</transferable>
<rely>false</rely>
<columnDependencyConstraintGenerateInDDL>true</columnDependencyConstraintGenerateInDDL>
</FKIndexAssociation>