<?xml version = '1.0' encoding = 'UTF-8'?>
<FKIndexAssociation class="oracle.dbtools.crest.model.design.relational.FKIndexAssociation" directorySegmentName="seg_0" id="F84376C7-1317-0A86-2CE2-134358B783DD" containerWithKeyObject="AA5A6C09-8997-0AED-6395-732948E5C42B" localFKIndex="824DE6B3-A1E6-F6B1-314B-AA3B25106C2D" name="Surat_keluar_Departemen_FK">
<createdBy>Arjuna</createdBy>
<createdTime>2019-09-24 16:40:43 UTC</createdTime>
<generatorID>D9F3EF3C-1CC9-0E62-1CFB-A1A0EFABC163</generatorID>
<ownerDesignName>ERD</ownerDesignName>
<referredTableLongName>Departemen</referredTableLongName>
<deleteRule>NO ACTION</deleteRule>
<referredTableID>83724C2F-868E-EC93-DC13-942193CADA38</referredTableID>
<keyObject>544D364B-E1AB-41DF-A063-2B1BF15F3E58</keyObject>
<referredKeyID>544D364B-E1AB-41DF-A063-2B1BF15F3E58</referredKeyID>
<mandatory>true</mandatory>
<refColNames>Kode_departemen</refColNames>
<transferable>true</transferable>
<rely>false</rely>
<columnDependencyConstraintGenerateInDDL>true</columnDependencyConstraintGenerateInDDL>
</FKIndexAssociation>