<?xml version = '1.0' encoding = 'UTF-8'?>
<FKArc class="oracle.dbtools.crest.model.design.relational.FKArc" directorySegmentName="seg_0" id="8499A42C-9D0E-018A-D57E-C4A1DADE3CB3" name="FKArc_2">
<createdBy>Arjuna</createdBy>
<createdTime>2019-09-24 16:40:42 UTC</createdTime>
<ownerDesignName>ERD</ownerDesignName>
<mandatory>false</mandatory>
<reverseArc>true</reverseArc>
<table>08897836-F146-B462-22B2-8025FF1B8C5F</table>
<fkeys>
<fkeyID>137F432F-BC76-AFB4-F559-4E02D70541FA</fkeyID>
<fkeyID>7893A3F5-F77D-4E04-EAAC-EE06DB3070C8</fkeyID>
</fkeys>
</FKArc>