<?xml version = '1.0' encoding = 'UTF-8'?>
<Relation class="oracle.dbtools.crest.model.design.logical.Relation" name="Relation_2" directorySegmentName="seg_0" id="0F5713DE-F6A3-768D-5711-CB9F34DDFE5F">
<createdBy>Arjuna</createdBy>
<createdTime>2019-09-24 16:36:37 UTC</createdTime>
<ownerDesignName>ERD</ownerDesignName>
<engineerTo>
<item key="8E2B3405-F174-908A-FECF-EBB1C45B319E" value="true"/>
</engineerTo>
<sourcePk>5AFDE3E4-442B-5F5D-549F-F5B8D8816BD8</sourcePk>
<identifying>false</identifying>
<optionalSource>false</optionalSource>
<optionalTarget>false</optionalTarget>
<sourceCardinality>1</sourceCardinality>
<sourceEntity>F5F5F4A9-4A69-A3DE-955E-474D2E573FF0</sourceEntity>
<targetCardinalityString>*</targetCardinalityString>
<targetEntity>50E2A701-EA50-C6FB-BC58-E0275FC5812A</targetEntity>
<transferable>true</transferable>
<deleteRule>NO ACTION</deleteRule>
</Relation>