<?xml version = '1.0' encoding = 'UTF-8'?>
<Relation class="oracle.dbtools.crest.model.design.logical.Relation" name="Relation_4" directorySegmentName="seg_0" id="CF7F33D4-8069-AC72-9238-31C35F8F6FAA">
<createdBy>Arjuna</createdBy>
<createdTime>2019-09-24 16:37:49 UTC</createdTime>
<ownerDesignName>ERD</ownerDesignName>
<engineerTo>
<item key="8E2B3405-F174-908A-FECF-EBB1C45B319E" value="true"/>
</engineerTo>
<sourcePk>D9E8AD0F-A9EE-62C3-9554-196D222C3847</sourcePk>
<targetPk>0DABB6A3-B820-9810-BF3F-135B7744BFD5</targetPk>
<identifying>false</identifying>
<nameOnSource>mencatat</nameOnSource>
<nameOnTarget>dicatat</nameOnTarget>
<optionalSource>false</optionalSource>
<optionalTarget>false</optionalTarget>
<sourceCardinality>1</sourceCardinality>
<sourceEntity>240BBB70-F087-75F3-A2FE-8CC96A186831</sourceEntity>
<targetCardinalityString>*</targetCardinalityString>
<targetEntity>DB39B0D1-8058-66FA-9948-6F3A73F10E63</targetEntity>
<transferable>true</transferable>
<deleteRule>NO ACTION</deleteRule>
</Relation>