<?xml version = '1.0' encoding = 'UTF-8'?>
<Relation class="oracle.dbtools.crest.model.design.logical.Relation" name="Relation_3" directorySegmentName="seg_0" id="D9F3EF3C-1CC9-0E62-1CFB-A1A0EFABC163">
<createdBy>Arjuna</createdBy>
<createdTime>2019-09-24 16:37:07 UTC</createdTime>
<ownerDesignName>ERD</ownerDesignName>
<engineerTo>
<item key="8E2B3405-F174-908A-FECF-EBB1C45B319E" value="true"/>
</engineerTo>
<sourcePk>5AFDE3E4-442B-5F5D-549F-F5B8D8816BD8</sourcePk>
<identifying>false</identifying>
<optionalSource>false</optionalSource>
<optionalTarget>false</optionalTarget>
<sourceCardinality>1</sourceCardinality>
<sourceEntity>F5F5F4A9-4A69-A3DE-955E-474D2E573FF0</sourceEntity>
<targetCardinalityString>*</targetCardinalityString>
<targetEntity>11AF3798-8CD1-2946-9C7B-1FAE6AB86F87</targetEntity>
<transferable>true</transferable>
<deleteRule>NO ACTION</deleteRule>
</Relation>