<?xml version = '1.0' encoding = 'UTF-8'?>
<Table class="oracle.dbtools.crest.model.design.relational.Table" directorySegmentName="seg_0" id="08897836-F146-B462-22B2-8025FF1B8C5F" name="Surat">
<createdBy>Arjuna</createdBy>
<createdTime>2019-09-24 15:55:11 UTC</createdTime>
<generatorID>DB39B0D1-8058-66FA-9948-6F3A73F10E63</generatorID>
<ownerDesignName>ERD</ownerDesignName>
<allowColumnReorder>false</allowColumnReorder>
<existDependencyGenerateInDDl>true</existDependencyGenerateInDDl>
<parsed>true</parsed>
<columns itemClass="oracle.dbtools.crest.model.design.relational.Column">
<Column name="Nomor_surat" id="D77A72D2-E132-6C2C-229E-B82EE1F90425">
<createdBy>Arjuna</createdBy>
<createdTime>2019-09-24 16:40:42 UTC</createdTime>
<generatorID>FB1915BA-5EBE-5C3B-B7EC-75D0CF99D239</generatorID>
<ownerDesignName>ERD</ownerDesignName>
<useDomainConstraints>false</useDomainConstraints>
<use>1</use>
<logicalDatatype>LOGDT024</logicalDatatype>
<dataTypeSize>30</dataTypeSize>
<ownDataTypeParameters>30,,</ownDataTypeParameters>
<autoIncrementCycle>false</autoIncrementCycle>
</Column>
<Column name="Perihal" id="3A329C49-FDB7-DB63-0316-20CCCEB089F1">
<createdBy>Arjuna</createdBy>
<createdTime>2019-09-24 16:40:42 UTC</createdTime>
<generatorID>C4C80142-7743-5208-BE57-3252814DB921</generatorID>
<ownerDesignName>ERD</ownerDesignName>
<useDomainConstraints>false</useDomainConstraints>
<use>1</use>
<logicalDatatype>LOGDT024</logicalDatatype>
<dataTypeSize>30</dataTypeSize>
<ownDataTypeParameters>30,,</ownDataTypeParameters>
<autoIncrementCycle>false</autoIncrementCycle>
</Column>
<Column name="Lampiran" id="12E88616-8FDA-0DE9-1A8E-44D90FB9E2B1">
<createdBy>Arjuna</createdBy>
<createdTime>2019-09-24 16:40:42 UTC</createdTime>
<generatorID>53A3DC38-08B3-F299-F2D7-BF96C403A7AB</generatorID>
<ownerDesignName>ERD</ownerDesignName>
<useDomainConstraints>false</useDomainConstraints>
<use>1</use>
<logicalDatatype>LOGDT024</logicalDatatype>
<dataTypeSize>20</dataTypeSize>
<ownDataTypeParameters>20,,</ownDataTypeParameters>
<autoIncrementCycle>false</autoIncrementCycle>
</Column>
<Column name="Isi_singkat" id="48883DB2-3AC3-B66F-D608-A273735B1E54">
<createdBy>Arjuna</createdBy>
<createdTime>2019-09-24 16:40:42 UTC</createdTime>
<generatorID>3AD75937-6C6A-10D0-388C-085DDE7A48C6</generatorID>
<ownerDesignName>ERD</ownerDesignName>
<useDomainConstraints>false</useDomainConstraints>
<use>1</use>
<logicalDatatype>LOGDT024</logicalDatatype>
<dataTypeSize>50</dataTypeSize>
<ownDataTypeParameters>50,,</ownDataTypeParameters>
<autoIncrementCycle>false</autoIncrementCycle>
</Column>
<Column name="NIP_Pencatat" id="D994633F-82C8-6BD4-0570-40C22CE7C485">
<createdBy>Arjuna</createdBy>
<createdTime>2019-09-24 16:40:42 UTC</createdTime>
<generatorID>783CF2C5-DB5C-B988-F203-DA4C9DC56FF8</generatorID>
<ownerDesignName>ERD</ownerDesignName>
<useDomainConstraints>false</useDomainConstraints>
<use>1</use>
<logicalDatatype>LOGDT024</logicalDatatype>
<dataTypeSize>20</dataTypeSize>
<ownDataTypeParameters>20,,</ownDataTypeParameters>
<previousColumn>false</previousColumn>
<autoIncrementCycle>false</autoIncrementCycle>
<associations>
<colAssociation fkAssociation="CC955376-F08E-AD1D-2E6C-3AB006957915" referredColumn="E772EE83-257F-7A4B-9CED-98CBE619D154"/>
</associations>
</Column>
<Column name="NIP" id="668A20BF-DFCC-82CD-2A55-6BA9337BD01D">
<createdBy>Arjuna</createdBy>
<createdTime>2019-09-26 14:47:20 UTC</createdTime>
<generatorID>27148EE6-31F7-8D79-68CD-B9959FA4DDD3</generatorID>
<ownerDesignName>ERD</ownerDesignName>
<useDomainConstraints>false</useDomainConstraints>
<use>1</use>
<logicalDatatype>LOGDT024</logicalDatatype>
<ownDataTypeParameters>,,</ownDataTypeParameters>
<previousColumn>false</previousColumn>
<autoIncrementCycle>false</autoIncrementCycle>
</Column>
</columns>
<indexes itemClass="oracle.dbtools.crest.model.design.relational.Index">
<ind_PK_UK id="3EF41D78-5C1F-D49D-8EAE-CAD2396578CE" name="Surat_PK">
<createdBy>Arjuna</createdBy>
<createdTime>2019-09-24 16:40:42 UTC</createdTime>
<generatorID>0DABB6A3-B820-9810-BF3F-135B7744BFD5</generatorID>
<ownerDesignName>ERD</ownerDesignName>
<pk>true</pk>
<indexState>Primary Constraint</indexState>
<isSurrogateKey>false</isSurrogateKey>
<indexColumnUsage>
<colUsage columnID="D77A72D2-E132-6C2C-229E-B82EE1F90425"/>
</indexColumnUsage>
</ind_PK_UK>
<ind_PK_UK id="C58E7B7E-C2BA-E7DA-2249-BF919258F8E0" name="Surat_Pegawai_FK">
<createdBy>Arjuna</createdBy>
<createdTime>2019-09-24 16:40:43 UTC</createdTime>
<generatorID>CF7F33D4-8069-AC72-9238-31C35F8F6FAA</generatorID>
<ownerDesignName>ERD</ownerDesignName>
<indexState>Foreign Key</indexState>
<isSurrogateKey>false</isSurrogateKey>
<indexColumnUsage>
<colUsage columnID="D994633F-82C8-6BD4-0570-40C22CE7C485"/>
</indexColumnUsage>
</ind_PK_UK>
</indexes>
</Table>