<?xml version = '1.0' encoding = 'UTF-8'?>
<Table class="oracle.dbtools.crest.model.design.relational.Table" directorySegmentName="seg_0" id="363B9A07-C4CE-8D5F-4500-0E47BB53B9ED" name="Surat_masuk">
<createdBy>Arjuna</createdBy>
<createdTime>2019-09-24 15:55:11 UTC</createdTime>
<generatorID>50E2A701-EA50-C6FB-BC58-E0275FC5812A</generatorID>
<ownerDesignName>ERD</ownerDesignName>
<allowColumnReorder>false</allowColumnReorder>
<existDependencyGenerateInDDl>true</existDependencyGenerateInDDl>
<parsed>true</parsed>
<columns itemClass="oracle.dbtools.crest.model.design.relational.Column">
<Column name="Surat_Surat_ID" id="23EADB36-F42F-C217-F548-5EEEB77DF034">
<createdBy>Arjuna</createdBy>
<createdTime>2019-09-24 15:55:11 UTC</createdTime>
<ownerDesignName>ERD</ownerDesignName>
<useDomainConstraints>false</useDomainConstraints>
<use>1</use>
<logicalDatatype>LOGDT019</logicalDatatype>
<ownDataTypeParameters>,,</ownDataTypeParameters>
<previousColumn>false</previousColumn>
<autoIncrementCycle>false</autoIncrementCycle>
</Column>
<Column name="Nomor_surat" id="94BF2D7F-13F7-AE48-BE83-262F4DF346CD">
<createdBy>Arjuna</createdBy>
<createdTime>2019-09-24 16:40:42 UTC</createdTime>
<generatorID>FB1915BA-5EBE-5C3B-B7EC-75D0CF99D239</generatorID>
<ownerDesignName>ERD</ownerDesignName>
<useDomainConstraints>false</useDomainConstraints>
<use>1</use>
<logicalDatatype>LOGDT024</logicalDatatype>
<dataTypeSize>30</dataTypeSize>
<ownDataTypeParameters>,,</ownDataTypeParameters>
<autoIncrementCycle>false</autoIncrementCycle>
<associations>
<colAssociation fkAssociation="137F432F-BC76-AFB4-F559-4E02D70541FA" referredColumn="D77A72D2-E132-6C2C-229E-B82EE1F90425"/>
</associations>
</Column>
<Column name="Tanggal_masuk" id="D8121C3D-CE6C-9994-E658-F46B480BAF9A">
<createdBy>Arjuna</createdBy>
<createdTime>2019-09-24 16:40:42 UTC</createdTime>
<generatorID>B96E917D-9D46-7217-26E4-3B930A4FC87A</generatorID>
<ownerDesignName>ERD</ownerDesignName>
<useDomainConstraints>false</useDomainConstraints>
<use>1</use>
<logicalDatatype>LOGDT008</logicalDatatype>
<ownDataTypeParameters>,,</ownDataTypeParameters>
<autoIncrementCycle>false</autoIncrementCycle>
</Column>
<Column name="Asal_surat" id="D7B004C5-7AD1-99E0-CB31-7C6B1FE4B8D7">
<createdBy>Arjuna</createdBy>
<createdTime>2019-09-24 16:40:42 UTC</createdTime>
<generatorID>8EE3E239-ED97-53B6-1FF3-34E2E702E9E3</generatorID>
<ownerDesignName>ERD</ownerDesignName>
<useDomainConstraints>false</useDomainConstraints>
<use>1</use>
<logicalDatatype>LOGDT024</logicalDatatype>
<dataTypeSize>30</dataTypeSize>
<ownDataTypeParameters>30,,</ownDataTypeParameters>
<autoIncrementCycle>false</autoIncrementCycle>
</Column>
<Column name="Penerima" id="E3AE7ADB-62F9-969C-7696-59C9DE20A36A">
<createdBy>Arjuna</createdBy>
<createdTime>2019-09-24 16:40:42 UTC</createdTime>
<generatorID>CDE66783-395A-1EA0-64BC-AFBFABC43F4D</generatorID>
<ownerDesignName>ERD</ownerDesignName>
<useDomainConstraints>false</useDomainConstraints>
<use>1</use>
<logicalDatatype>LOGDT024</logicalDatatype>
<dataTypeSize>30</dataTypeSize>
<ownDataTypeParameters>30,,</ownDataTypeParameters>
<autoIncrementCycle>false</autoIncrementCycle>
</Column>
<Column name="Departemen_Kode_departemen" id="57549C40-792D-20AA-AF3D-8F910D92309A">
<createdBy>Arjuna</createdBy>
<createdTime>2019-09-24 16:40:42 UTC</createdTime>
<generatorID>7AB7CA9A-F3B0-8323-7193-6C5EB72BD0B9</generatorID>
<ownerDesignName>ERD</ownerDesignName>
<useDomainConstraints>false</useDomainConstraints>
<use>1</use>
<logicalDatatype>LOGDT024</logicalDatatype>
<dataTypeSize>20</dataTypeSize>
<ownDataTypeParameters>20,,</ownDataTypeParameters>
<previousColumn>false</previousColumn>
<autoIncrementCycle>false</autoIncrementCycle>
</Column>
<Column name="Kode_departemen" id="A88B38EE-A78C-62DC-E4AE-0FDAA1CC86F5">
<createdBy>Arjuna</createdBy>
<createdTime>2019-09-26 14:47:20 UTC</createdTime>
<generatorID>BAB196FF-2947-4097-1BB0-C7E0FFF738E7</generatorID>
<ownerDesignName>ERD</ownerDesignName>
<useDomainConstraints>false</useDomainConstraints>
<use>1</use>
<logicalDatatype>LOGDT024</logicalDatatype>
<dataTypeSize>20</dataTypeSize>
<ownDataTypeParameters>,,</ownDataTypeParameters>
<previousColumn>false</previousColumn>
<autoIncrementCycle>false</autoIncrementCycle>
<associations>
<colAssociation fkAssociation="4229024A-3F00-BD89-A329-3B8F59465B20" referredColumn="CA8D85BA-3654-71FA-CD70-E1FA3D08B006"/>
</associations>
</Column>
</columns>
<indexes itemClass="oracle.dbtools.crest.model.design.relational.Index">
<ind_PK_UK id="507745F8-9688-403D-922C-38C2141BB70A" name="Surat_masuk_Nomor_surat_UN">
<createdBy>Arjuna</createdBy>
<createdTime>2019-09-24 16:40:42 UTC</createdTime>
<generatorID>0DABB6A3-B820-9810-BF3F-135B7744BFD5</generatorID>
<ownerDesignName>ERD</ownerDesignName>
<indexState>Unique Constraint</indexState>
<isSurrogateKey>false</isSurrogateKey>
<indexColumnUsage>
<colUsage columnID="94BF2D7F-13F7-AE48-BE83-262F4DF346CD"/>
</indexColumnUsage>
</ind_PK_UK>
<ind_PK_UK id="0261B557-C6AE-3A02-CB9C-7F46299B3A8C" name="Surat_masuk_Surat_FK">
<createdBy>Arjuna</createdBy>
<createdTime>2019-09-24 16:40:42 UTC</createdTime>
<generatorID>61654019-13B9-1BB1-AD6A-FAE6F4FA24E4</generatorID>
<ownerDesignName>ERD</ownerDesignName>
<indexState>Foreign Key</indexState>
<isSurrogateKey>false</isSurrogateKey>
<indexColumnUsage>
<colUsage columnID="94BF2D7F-13F7-AE48-BE83-262F4DF346CD"/>
</indexColumnUsage>
</ind_PK_UK>
<ind_PK_UK id="41F3B034-1A53-5BB2-5007-605CAC566DB2" name="Surat_masuk_Departemen_FK">
<createdBy>Arjuna</createdBy>
<createdTime>2019-09-24 16:40:43 UTC</createdTime>
<generatorID>0F5713DE-F6A3-768D-5711-CB9F34DDFE5F</generatorID>
<ownerDesignName>ERD</ownerDesignName>
<indexState>Foreign Key</indexState>
<isSurrogateKey>false</isSurrogateKey>
<indexColumnUsage>
<colUsage columnID="A88B38EE-A78C-62DC-E4AE-0FDAA1CC86F5"/>
</indexColumnUsage>
</ind_PK_UK>
</indexes>
</Table>