<?xml version = '1.0' encoding = 'UTF-8'?>
<Table class="oracle.dbtools.crest.model.design.relational.Table" directorySegmentName="seg_0" id="AA5A6C09-8997-0AED-6395-732948E5C42B" name="Surat_keluar">
<createdBy>Arjuna</createdBy>
<createdTime>2019-09-24 15:55:11 UTC</createdTime>
<generatorID>11AF3798-8CD1-2946-9C7B-1FAE6AB86F87</generatorID>
<ownerDesignName>ERD</ownerDesignName>
<allowColumnReorder>false</allowColumnReorder>
<existDependencyGenerateInDDl>true</existDependencyGenerateInDDl>
<parsed>true</parsed>
<columns itemClass="oracle.dbtools.crest.model.design.relational.Column">
<Column name="Surat_Surat_ID" id="983BA284-9298-38FF-B81B-593F6A580CE6">
<createdBy>Arjuna</createdBy>
<createdTime>2019-09-24 15:55:11 UTC</createdTime>
<ownerDesignName>ERD</ownerDesignName>
<useDomainConstraints>false</useDomainConstraints>
<use>1</use>
<logicalDatatype>LOGDT019</logicalDatatype>
<ownDataTypeParameters>,,</ownDataTypeParameters>
<previousColumn>false</previousColumn>
<autoIncrementCycle>false</autoIncrementCycle>
</Column>
<Column name="Nomor_surat" id="ED2C8988-3F68-FBF3-4FC9-DD3A3429CF7F">
<createdBy>Arjuna</createdBy>
<createdTime>2019-09-24 16:40:42 UTC</createdTime>
<generatorID>FB1915BA-5EBE-5C3B-B7EC-75D0CF99D239</generatorID>
<ownerDesignName>ERD</ownerDesignName>
<useDomainConstraints>false</useDomainConstraints>
<use>1</use>
<logicalDatatype>LOGDT024</logicalDatatype>
<dataTypeSize>30</dataTypeSize>
<ownDataTypeParameters>,,</ownDataTypeParameters>
<autoIncrementCycle>false</autoIncrementCycle>
<associations>
<colAssociation fkAssociation="7893A3F5-F77D-4E04-EAAC-EE06DB3070C8" referredColumn="D77A72D2-E132-6C2C-229E-B82EE1F90425"/>
</associations>
</Column>
<Column name="Tanggal_keluar" id="D5C04331-90EF-6273-BA5C-2664118CDC62">
<createdBy>Arjuna</createdBy>
<createdTime>2019-09-24 16:40:42 UTC</createdTime>
<generatorID>52392BBC-4925-7D1C-113B-28CC5DF8B23A</generatorID>
<ownerDesignName>ERD</ownerDesignName>
<useDomainConstraints>false</useDomainConstraints>
<use>1</use>
<logicalDatatype>LOGDT008</logicalDatatype>
<ownDataTypeParameters>,,</ownDataTypeParameters>
<autoIncrementCycle>false</autoIncrementCycle>
</Column>
<Column name="Tujuan" id="75BF3021-2CF3-2896-B9CF-30B0D80D2387">
<createdBy>Arjuna</createdBy>
<createdTime>2019-09-24 16:40:42 UTC</createdTime>
<generatorID>81A5D960-83B9-A5F9-2855-8F9DB30CF1A0</generatorID>
<ownerDesignName>ERD</ownerDesignName>
<useDomainConstraints>false</useDomainConstraints>
<use>1</use>
<logicalDatatype>LOGDT024</logicalDatatype>
<dataTypeSize>30</dataTypeSize>
<ownDataTypeParameters>30,,</ownDataTypeParameters>
<autoIncrementCycle>false</autoIncrementCycle>
</Column>
<Column name="Pengirim" id="A571479E-851A-4718-1E51-BDEF11EF840B">
<createdBy>Arjuna</createdBy>
<createdTime>2019-09-24 16:40:42 UTC</createdTime>
<generatorID>0E541A09-E049-0A6E-284A-6612FEA721A9</generatorID>
<ownerDesignName>ERD</ownerDesignName>
<useDomainConstraints>false</useDomainConstraints>
<use>1</use>
<logicalDatatype>LOGDT024</logicalDatatype>
<dataTypeSize>30</dataTypeSize>
<ownDataTypeParameters>30,,</ownDataTypeParameters>
<autoIncrementCycle>false</autoIncrementCycle>
</Column>
<Column name="Departemen_Kode_departemen" id="06CB0EF9-CA52-E9B1-4049-6ABBBCA442FE">
<createdBy>Arjuna</createdBy>
<createdTime>2019-09-24 16:40:42 UTC</createdTime>
<generatorID>F8C632AF-2A36-DDFD-572F-4F2C757199A0</generatorID>
<ownerDesignName>ERD</ownerDesignName>
<useDomainConstraints>false</useDomainConstraints>
<use>1</use>
<logicalDatatype>LOGDT024</logicalDatatype>
<dataTypeSize>20</dataTypeSize>
<ownDataTypeParameters>20,,</ownDataTypeParameters>
<previousColumn>false</previousColumn>
<autoIncrementCycle>false</autoIncrementCycle>
</Column>
<Column name="Kode_departemen" id="76665F08-8135-ECB5-4B5A-24E39B523226">
<createdBy>Arjuna</createdBy>
<createdTime>2019-09-26 14:47:20 UTC</createdTime>
<generatorID>01FFA754-9E1D-FF69-ABC6-7F5A289F6905</generatorID>
<ownerDesignName>ERD</ownerDesignName>
<useDomainConstraints>false</useDomainConstraints>
<use>1</use>
<logicalDatatype>LOGDT024</logicalDatatype>
<dataTypeSize>20</dataTypeSize>
<ownDataTypeParameters>,,</ownDataTypeParameters>
<previousColumn>false</previousColumn>
<autoIncrementCycle>false</autoIncrementCycle>
<associations>
<colAssociation fkAssociation="F84376C7-1317-0A86-2CE2-134358B783DD" referredColumn="CA8D85BA-3654-71FA-CD70-E1FA3D08B006"/>
</associations>
</Column>
</columns>
<indexes itemClass="oracle.dbtools.crest.model.design.relational.Index">
<ind_PK_UK id="2ECD141D-DF0B-163F-68BF-17B17CA32D4F" name="Surat_keluar_Nomor_surat_UN">
<createdBy>Arjuna</createdBy>
<createdTime>2019-09-24 16:40:42 UTC</createdTime>
<generatorID>0DABB6A3-B820-9810-BF3F-135B7744BFD5</generatorID>
<ownerDesignName>ERD</ownerDesignName>
<indexState>Unique Constraint</indexState>
<isSurrogateKey>false</isSurrogateKey>
<indexColumnUsage>
<colUsage columnID="ED2C8988-3F68-FBF3-4FC9-DD3A3429CF7F"/>
</indexColumnUsage>
</ind_PK_UK>
<ind_PK_UK id="1765D9B5-2043-947E-3951-72C5F04849FC" name="Surat_keluar_Surat_FK">
<createdBy>Arjuna</createdBy>
<createdTime>2019-09-24 16:40:42 UTC</createdTime>
<generatorID>D22DC8D5-FD41-CB72-E91D-EDBE33136B90</generatorID>
<ownerDesignName>ERD</ownerDesignName>
<indexState>Foreign Key</indexState>
<isSurrogateKey>false</isSurrogateKey>
<indexColumnUsage>
<colUsage columnID="ED2C8988-3F68-FBF3-4FC9-DD3A3429CF7F"/>
</indexColumnUsage>
</ind_PK_UK>
<ind_PK_UK id="824DE6B3-A1E6-F6B1-314B-AA3B25106C2D" name="Surat_keluar_Departemen_FK">
<createdBy>Arjuna</createdBy>
<createdTime>2019-09-24 16:40:43 UTC</createdTime>
<generatorID>D9F3EF3C-1CC9-0E62-1CFB-A1A0EFABC163</generatorID>
<ownerDesignName>ERD</ownerDesignName>
<indexState>Foreign Key</indexState>
<isSurrogateKey>false</isSurrogateKey>
<indexColumnUsage>
<colUsage columnID="76665F08-8135-ECB5-4B5A-24E39B523226"/>
</indexColumnUsage>
</ind_PK_UK>
</indexes>
</Table>