<?xml version = '1.0' encoding = 'UTF-8'?>
<Entity class="oracle.dbtools.crest.model.design.logical.Entity" directorySegmentName="seg_0" id="11AF3798-8CD1-2946-9C7B-1FAE6AB86F87" name="Surat_keluar">
<createdBy>Arjuna</createdBy>
<createdTime>2019-09-24 15:51:49 UTC</createdTime>
<ownerDesignName>ERD</ownerDesignName>
<engineerTo>
<item key="8E2B3405-F174-908A-FECF-EBB1C45B319E" value="true"/>
</engineerTo>
<adequatelyNormalized>NO</adequatelyNormalized>
<expectedVolumes>0</expectedVolumes>
<fwdEngineeringStrategyName>Single Table</fwdEngineeringStrategyName>
<growthPercent>0</growthPercent>
<growthType>Year</growthType>
<hierarchicalParent>DB39B0D1-8058-66FA-9948-6F3A73F10E63</hierarchicalParent>
<maxVolumes>9999999</maxVolumes>
<minVolumes>0</minVolumes>
<normalForm>Third</normalForm>
<attributes itemClass="oracle.dbtools.crest.model.design.logical.Attribute">
<Attribute name="Tanggal_keluar" id="52392BBC-4925-7D1C-113B-28CC5DF8B23A">
<createdBy>Arjuna</createdBy>
<createdTime>2019-09-24 16:27:46 UTC</createdTime>
<ownerDesignName>ERD</ownerDesignName>
<engineerTo>
<item key="8E2B3405-F174-908A-FECF-EBB1C45B319E" value="true"/>
</engineerTo>
<useDomainConstraints>false</useDomainConstraints>
<use>1</use>
<logicalDatatype>LOGDT008</logicalDatatype>
<ownDataTypeParameters>,,</ownDataTypeParameters>
</Attribute>
<Attribute name="Tujuan" id="81A5D960-83B9-A5F9-2855-8F9DB30CF1A0">
<createdBy>Arjuna</createdBy>
<createdTime>2019-09-24 16:28:00 UTC</createdTime>
<ownerDesignName>ERD</ownerDesignName>
<engineerTo>
<item key="8E2B3405-F174-908A-FECF-EBB1C45B319E" value="true"/>
</engineerTo>
<useDomainConstraints>false</useDomainConstraints>
<use>1</use>
<logicalDatatype>LOGDT024</logicalDatatype>
<dataTypeSize>30</dataTypeSize>
<ownDataTypeParameters>30,,</ownDataTypeParameters>
</Attribute>
<Attribute name="Pengirim" id="0E541A09-E049-0A6E-284A-6612FEA721A9">
<createdBy>Arjuna</createdBy>
<createdTime>2019-09-24 16:28:11 UTC</createdTime>
<ownerDesignName>ERD</ownerDesignName>
<engineerTo>
<item key="8E2B3405-F174-908A-FECF-EBB1C45B319E" value="true"/>
</engineerTo>
<useDomainConstraints>false</useDomainConstraints>
<use>1</use>
<logicalDatatype>LOGDT024</logicalDatatype>
<dataTypeSize>30</dataTypeSize>
<ownDataTypeParameters>30,,</ownDataTypeParameters>
</Attribute>
<Attribute name="Kode_departemen" id="01FFA754-9E1D-FF69-ABC6-7F5A289F6905">
<createdBy>Arjuna</createdBy>
<createdTime>2019-09-26 11:56:28 UTC</createdTime>
<generatorID>D9F3EF3C-1CC9-0E62-1CFB-A1A0EFABC163</generatorID>
<ownerDesignName>ERD</ownerDesignName>
<engineerTo>
<item key="8E2B3405-F174-908A-FECF-EBB1C45B319E" value="true"/>
</engineerTo>
<referedAttribute>F71C3628-1798-FF0D-D024-92428B859E00</referedAttribute>
<use>1</use>
<logicalDatatype>LOGDT024</logicalDatatype>
<dataTypeSize>20</dataTypeSize>
<ownDataTypeParameters>,,</ownDataTypeParameters>
</Attribute>
</attributes>
</Entity>