<?xml version = '1.0' encoding = 'UTF-8'?>
<Entity class="oracle.dbtools.crest.model.design.logical.Entity" directorySegmentName="seg_0" id="240BBB70-F087-75F3-A2FE-8CC96A186831" name="Pegawai">
<createdBy>Arjuna</createdBy>
<createdTime>2019-09-24 15:57:01 UTC</createdTime>
<ownerDesignName>ERD</ownerDesignName>
<engineerTo>
<item key="8E2B3405-F174-908A-FECF-EBB1C45B319E" value="true"/>
</engineerTo>
<adequatelyNormalized>NO</adequatelyNormalized>
<expectedVolumes>0</expectedVolumes>
<fwdEngineeringStrategyName>Single Table</fwdEngineeringStrategyName>
<growthPercent>0</growthPercent>
<growthType>Year</growthType>
<maxVolumes>9999999</maxVolumes>
<minVolumes>0</minVolumes>
<normalForm>Third</normalForm>
<attributes itemClass="oracle.dbtools.crest.model.design.logical.Attribute">
<Attribute name="NIP" id="F00E5CD5-08EA-F0E1-189A-C6A89E4FAB6A">
<createdBy>Arjuna</createdBy>
<createdTime>2019-09-24 15:58:01 UTC</createdTime>
<ownerDesignName>ERD</ownerDesignName>
<engineerTo>
<item key="8E2B3405-F174-908A-FECF-EBB1C45B319E" value="true"/>
</engineerTo>
<useDomainConstraints>false</useDomainConstraints>
<use>1</use>
<logicalDatatype>LOGDT024</logicalDatatype>
<dataTypeSize>20</dataTypeSize>
<ownDataTypeParameters>20,,</ownDataTypeParameters>
</Attribute>
<Attribute name="Nama_pegawai" id="67B0F550-A651-1816-8613-D82CDF7B8E71">
<createdBy>Arjuna</createdBy>
<createdTime>2019-09-24 15:58:35 UTC</createdTime>
<ownerDesignName>ERD</ownerDesignName>
<engineerTo>
<item key="8E2B3405-F174-908A-FECF-EBB1C45B319E" value="true"/>
</engineerTo>
<useDomainConstraints>false</useDomainConstraints>
<use>1</use>
<logicalDatatype>LOGDT024</logicalDatatype>
<dataTypeSize>30</dataTypeSize>
<ownDataTypeParameters>30,,</ownDataTypeParameters>
</Attribute>
<Attribute name="Departemen" id="D4288BB2-30CD-A425-86B2-B2E854BE1B21">
<createdBy>Arjuna</createdBy>
<createdTime>2019-09-24 15:59:17 UTC</createdTime>
<ownerDesignName>ERD</ownerDesignName>
<engineerTo>
<item key="8E2B3405-F174-908A-FECF-EBB1C45B319E" value="true"/>
</engineerTo>
<useDomainConstraints>false</useDomainConstraints>
<use>1</use>
<logicalDatatype>LOGDT024</logicalDatatype>
<dataTypeSize>30</dataTypeSize>
<ownDataTypeParameters>30,,</ownDataTypeParameters>
</Attribute>
<Attribute name="Jabatan" id="60F16496-7D74-02AE-3E9B-93C8AF0A7B06">
<createdBy>Arjuna</createdBy>
<createdTime>2019-09-24 15:59:38 UTC</createdTime>
<ownerDesignName>ERD</ownerDesignName>
<engineerTo>
<item key="8E2B3405-F174-908A-FECF-EBB1C45B319E" value="true"/>
</engineerTo>
<useDomainConstraints>false</useDomainConstraints>
<use>1</use>
<logicalDatatype>LOGDT024</logicalDatatype>
<dataTypeSize>30</dataTypeSize>
<ownDataTypeParameters>30,,</ownDataTypeParameters>
</Attribute>
<Attribute name="Pangkat_golongan" id="373B98F6-DEE8-521D-4EC8-DC92C76DEF9B">
<createdBy>Arjuna</createdBy>
<createdTime>2019-09-24 16:00:23 UTC</createdTime>
<ownerDesignName>ERD</ownerDesignName>
<engineerTo>
<item key="8E2B3405-F174-908A-FECF-EBB1C45B319E" value="true"/>
</engineerTo>
<useDomainConstraints>false</useDomainConstraints>
<use>1</use>
<logicalDatatype>LOGDT024</logicalDatatype>
<dataTypeSize>10</dataTypeSize>
<ownDataTypeParameters>10,,</ownDataTypeParameters>
</Attribute>
<Attribute name="Kode_departemen" id="43D656C5-3FAE-293C-61F5-DE1709FCAC9D">
<createdBy>Arjuna</createdBy>
<createdTime>2019-09-26 11:56:28 UTC</createdTime>
<generatorID>ECCCAE08-38CE-39D0-BD0B-4169507A9614</generatorID>
<ownerDesignName>ERD</ownerDesignName>
<engineerTo>
<item key="8E2B3405-F174-908A-FECF-EBB1C45B319E" value="true"/>
</engineerTo>
<referedAttribute>F71C3628-1798-FF0D-D024-92428B859E00</referedAttribute>
<useDomainConstraints>false</useDomainConstraints>
<use>1</use>
<logicalDatatype>LOGDT024</logicalDatatype>
<dataTypeSize>20</dataTypeSize>
<ownDataTypeParameters>20,,</ownDataTypeParameters>
</Attribute>
</attributes>
<identifiers itemClass="oracle.dbtools.crest.model.design.logical.CandidateKey">
<identifier id="D9E8AD0F-A9EE-62C3-9554-196D222C3847" name="Pegawai PK">
<createdBy>Arjuna</createdBy>
<createdTime>2019-09-24 15:58:28 UTC</createdTime>
<ownerDesignName>ERD</ownerDesignName>
<shouldEngineer>false</shouldEngineer>
<engineerTo>
<item key="8E2B3405-F174-908A-FECF-EBB1C45B319E" value="false"/>
</engineerTo>
<pk>true</pk>
<usedAttributes>
<attributeRef>F00E5CD5-08EA-F0E1-189A-C6A89E4FAB6A</attributeRef>
</usedAttributes>
</identifier>
</identifiers>
</Entity>