<?xml version = '1.0' encoding = 'UTF-8'?>
<Entity class="oracle.dbtools.crest.model.design.logical.Entity" directorySegmentName="seg_0" id="DB39B0D1-8058-66FA-9948-6F3A73F10E63" name="Surat">
<createdBy>Arjuna</createdBy>
<createdTime>2019-09-24 15:51:15 UTC</createdTime>
<ownerDesignName>ERD</ownerDesignName>
<engineerTo>
<item key="8E2B3405-F174-908A-FECF-EBB1C45B319E" value="true"/>
</engineerTo>
<adequatelyNormalized>NO</adequatelyNormalized>
<expectedVolumes>0</expectedVolumes>
<fwdEngineeringStrategyName>Single Table</fwdEngineeringStrategyName>
<growthPercent>0</growthPercent>
<growthType>Year</growthType>
<maxVolumes>9999999</maxVolumes>
<minVolumes>0</minVolumes>
<normalForm>Third</normalForm>
<attributes itemClass="oracle.dbtools.crest.model.design.logical.Attribute">
<Attribute name="Nomor_surat" id="FB1915BA-5EBE-5C3B-B7EC-75D0CF99D239">
<createdBy>Arjuna</createdBy>
<createdTime>2019-09-24 16:08:28 UTC</createdTime>
<ownerDesignName>ERD</ownerDesignName>
<engineerTo>
<item key="8E2B3405-F174-908A-FECF-EBB1C45B319E" value="true"/>
</engineerTo>
<useDomainConstraints>false</useDomainConstraints>
<use>1</use>
<logicalDatatype>LOGDT024</logicalDatatype>
<dataTypeSize>30</dataTypeSize>
<ownDataTypeParameters>30,,</ownDataTypeParameters>
</Attribute>
<Attribute name="Perihal" id="C4C80142-7743-5208-BE57-3252814DB921">
<createdBy>Arjuna</createdBy>
<createdTime>2019-09-24 16:08:47 UTC</createdTime>
<ownerDesignName>ERD</ownerDesignName>
<engineerTo>
<item key="8E2B3405-F174-908A-FECF-EBB1C45B319E" value="true"/>
</engineerTo>
<useDomainConstraints>false</useDomainConstraints>
<use>1</use>
<logicalDatatype>LOGDT024</logicalDatatype>
<dataTypeSize>30</dataTypeSize>
<ownDataTypeParameters>30,,</ownDataTypeParameters>
</Attribute>
<Attribute name="Lampiran" id="53A3DC38-08B3-F299-F2D7-BF96C403A7AB">
<createdBy>Arjuna</createdBy>
<createdTime>2019-09-24 16:13:43 UTC</createdTime>
<ownerDesignName>ERD</ownerDesignName>
<engineerTo>
<item key="8E2B3405-F174-908A-FECF-EBB1C45B319E" value="true"/>
</engineerTo>
<useDomainConstraints>false</useDomainConstraints>
<use>1</use>
<logicalDatatype>LOGDT024</logicalDatatype>
<dataTypeSize>20</dataTypeSize>
<ownDataTypeParameters>20,,</ownDataTypeParameters>
</Attribute>
<Attribute name="Isi_singkat" id="3AD75937-6C6A-10D0-388C-085DDE7A48C6">
<createdBy>Arjuna</createdBy>
<createdTime>2019-09-24 16:14:04 UTC</createdTime>
<ownerDesignName>ERD</ownerDesignName>
<engineerTo>
<item key="8E2B3405-F174-908A-FECF-EBB1C45B319E" value="true"/>
</engineerTo>
<useDomainConstraints>false</useDomainConstraints>
<use>1</use>
<logicalDatatype>LOGDT024</logicalDatatype>
<dataTypeSize>50</dataTypeSize>
<ownDataTypeParameters>50,,</ownDataTypeParameters>
</Attribute>
<Attribute name="NIP" id="27148EE6-31F7-8D79-68CD-B9959FA4DDD3">
<createdBy>Arjuna</createdBy>
<createdTime>2019-09-26 12:01:24 UTC</createdTime>
<generatorID>CF7F33D4-8069-AC72-9238-31C35F8F6FAA</generatorID>
<ownerDesignName>ERD</ownerDesignName>
<engineerTo>
<item key="8E2B3405-F174-908A-FECF-EBB1C45B319E" value="true"/>
</engineerTo>
<referedAttribute>F00E5CD5-08EA-F0E1-189A-C6A89E4FAB6A</referedAttribute>
<useDomainConstraints>false</useDomainConstraints>
<use>1</use>
<logicalDatatype>LOGDT024</logicalDatatype>
<dataTypeSize>20</dataTypeSize>
<ownDataTypeParameters>,,</ownDataTypeParameters>
</Attribute>
</attributes>
<identifiers itemClass="oracle.dbtools.crest.model.design.logical.CandidateKey">
<identifier id="0DABB6A3-B820-9810-BF3F-135B7744BFD5" name="Surat PK">
<createdBy>Arjuna</createdBy>
<createdTime>2019-09-24 16:08:42 UTC</createdTime>
<ownerDesignName>ERD</ownerDesignName>
<engineerTo>
<item key="8E2B3405-F174-908A-FECF-EBB1C45B319E" value="true"/>
</engineerTo>
<pk>true</pk>
<usedAttributes>
<attributeRef>FB1915BA-5EBE-5C3B-B7EC-75D0CF99D239</attributeRef>
</usedAttributes>
</identifier>
</identifiers>
</Entity>