<?xml version = '1.0' encoding = 'UTF-8'?>
<Relation class="oracle.dbtools.crest.model.design.logical.InheritanceRelation" name="Hierarchy_1" directorySegmentName="seg_0" id="61654019-13B9-1BB1-AD6A-FAE6F4FA24E4">
<createdBy>Arjuna</createdBy>
<createdTime>2019-09-24 15:54:11 UTC</createdTime>
<ownerDesignName>ERD</ownerDesignName>
<engineerTo>
<item key="8E2B3405-F174-908A-FECF-EBB1C45B319E" value="true"/>
</engineerTo>
<identifying>false</identifying>
<nameOnSource>Super Type</nameOnSource>
<nameOnTarget>Sub Type</nameOnTarget>
<optionalSource>true</optionalSource>
<optionalTarget>true</optionalTarget>
<sourceEntity>DB39B0D1-8058-66FA-9948-6F3A73F10E63</sourceEntity>
<targetEntity>50E2A701-EA50-C6FB-BC58-E0275FC5812A</targetEntity>
<transferable>true</transferable>
<deleteRule>NO ACTION</deleteRule>
</Relation>