<?xml version = '1.0' encoding = 'UTF-8'?>
<Relation class="oracle.dbtools.crest.model.design.logical.InheritanceRelation" name="Hierarchy_2" directorySegmentName="seg_0" id="D22DC8D5-FD41-CB72-E91D-EDBE33136B90">
<createdBy>Arjuna</createdBy>
<createdTime>2019-09-24 15:54:26 UTC</createdTime>
<ownerDesignName>ERD</ownerDesignName>
<engineerTo>
<item key="8E2B3405-F174-908A-FECF-EBB1C45B319E" value="true"/>
</engineerTo>
<identifying>false</identifying>
<nameOnSource>Super Type</nameOnSource>
<nameOnTarget>Sub Type</nameOnTarget>
<optionalSource>true</optionalSource>
<optionalTarget>true</optionalTarget>
<sourceEntity>DB39B0D1-8058-66FA-9948-6F3A73F10E63</sourceEntity>
<targetEntity>11AF3798-8CD1-2946-9C7B-1FAE6AB86F87</targetEntity>
<transferable>true</transferable>
<deleteRule>NO ACTION</deleteRule>
</Relation>